file,line,type,commit,author,date,time,timezone,datetime,depth,length
style.css,1,css,6fba153f,QiZhang1102,2025-10-01,13:12:31,-07:00,2025-10-01T13:12:31-07:00,0,4
style.css,2,css,07838d65,QiZhang1102,2025-10-10,20:34:16,-07:00,2025-10-10T20:34:16-07:00,1,23
style.css,3,css,07838d65,QiZhang1102,2025-10-10,20:34:16,-07:00,2025-10-10T20:34:16-07:00,1,15
style.css,4,css,07838d65,QiZhang1102,2025-10-10,20:34:16,-07:00,2025-10-10T20:34:16-07:00,1,42
style.css,5,css,6fba153f,QiZhang1102,2025-10-01,13:12:31,-07:00,2025-10-01T13:12:31-07:00,0,0
style.css,6,css,a1df6837,QiZhang1102,2025-10-10,21:26:53,-07:00,2025-10-10T21:26:53-07:00,0,8
style.css,7,css,07838d65,QiZhang1102,2025-10-10,20:34:16,-07:00,2025-10-10T20:34:16-07:00,0,6
style.css,8,css,07838d65,QiZhang1102,2025-10-10,20:34:16,-07:00,2025-10-10T20:34:16-07:00,1,16
style.css,9,css,07838d65,QiZhang1102,2025-10-10,20:34:16,-07:00,2025-10-10T20:34:16-07:00,0,0
style.css,10,css,07838d65,QiZhang1102,2025-10-10,20:34:16,-07:00,2025-10-10T20:34:16-07:00,0,0
style.css,11,css,07838d65,QiZhang1102,2025-10-10,20:34:16,-07:00,2025-10-10T20:34:16-07:00,0,3
style.css,12,css,07838d65,QiZhang1102,2025-10-10,20:34:16,-07:00,2025-10-10T20:34:16-07:00,1,12
style.css,13,css,07838d65,QiZhang1102,2025-10-10,20:34:16,-07:00,2025-10-10T20:34:16-07:00,1,17
style.css,14,css,97a36787,QiZhang1102,2025-10-17,18:20:49,-07:00,2025-10-17T18:20:49-07:00,1,39
style.css,15,css,97a36787,QiZhang1102,2025-10-17,18:20:49,-07:00,2025-10-17T18:20:49-07:00,1,43
style.css,16,css,07838d65,QiZhang1102,2025-10-10,20:34:16,-07:00,2025-10-10T20:34:16-07:00,0,0
style.css,17,css,07838d65,QiZhang1102,2025-10-10,20:34:16,-07:00,2025-10-10T20:34:16-07:00,0,0
style.css,18,css,07838d65,QiZhang1102,2025-10-10,20:34:16,-07:00,2025-10-10T20:34:16-07:00,0,5
style.css,19,css,07838d65,QiZhang1102,2025-10-10,20:34:16,-07:00,2025-10-10T20:34:16-07:00,1,6
style.css,20,css,07838d65,QiZhang1102,2025-10-10,20:34:16,-07:00,2025-10-10T20:34:16-07:00,1,17
style.css,21,css,07838d65,QiZhang1102,2025-10-10,20:34:16,-07:00,2025-10-10T20:34:16-07:00,1,20
style.css,22,css,07838d65,QiZhang1102,2025-10-10,20:34:16,-07:00,2025-10-10T20:34:16-07:00,1,13
style.css,23,css,07838d65,QiZhang1102,2025-10-10,20:34:16,-07:00,2025-10-10T20:34:16-07:00,1,13
style.css,24,css,07838d65,QiZhang1102,2025-10-10,20:34:16,-07:00,2025-10-10T20:34:16-07:00,0,0
style.css,25,css,07838d65,QiZhang1102,2025-10-10,20:34:16,-07:00,2025-10-10T20:34:16-07:00,0,0
style.css,26,css,07838d65,QiZhang1102,2025-10-10,20:34:16,-07:00,2025-10-10T20:34:16-07:00,0,13
style.css,27,css,07838d65,QiZhang1102,2025-10-10,20:34:16,-07:00,2025-10-10T20:34:16-07:00,1,43
style.css,28,css,07838d65,QiZhang1102,2025-10-10,20:34:16,-07:00,2025-10-10T20:34:16-07:00,1,20
style.css,29,css,07838d65,QiZhang1102,2025-10-10,20:34:16,-07:00,2025-10-10T20:34:16-07:00,1,16
style.css,30,css,07838d65,QiZhang1102,2025-10-10,20:34:16,-07:00,2025-10-10T20:34:16-07:00,0,0
style.css,31,css,07838d65,QiZhang1102,2025-10-10,20:34:16,-07:00,2025-10-10T20:34:16-07:00,0,0
style.css,32,css,a1df6837,QiZhang1102,2025-10-10,21:26:53,-07:00,2025-10-10T21:26:53-07:00,0,0
style.css,33,css,07838d65,QiZhang1102,2025-10-10,20:34:16,-07:00,2025-10-10T20:34:16-07:00,0,11
style.css,34,css,07838d65,QiZhang1102,2025-10-10,20:34:16,-07:00,2025-10-10T20:34:16-07:00,1,45
style.css,35,css,97a36787,QiZhang1102,2025-10-17,18:20:49,-07:00,2025-10-17T18:20:49-07:00,1,69
style.css,36,css,07838d65,QiZhang1102,2025-10-10,20:34:16,-07:00,2025-10-10T20:34:16-07:00,1,20
style.css,37,css,fbb27e77,QiZhang1102,2025-10-10,20:47:55,-07:00,2025-10-10T20:47:55-07:00,0,0
style.css,38,css,fbb27e77,QiZhang1102,2025-10-10,20:47:55,-07:00,2025-10-10T20:47:55-07:00,0,0
style.css,39,css,97a36787,QiZhang1102,2025-10-17,18:20:49,-07:00,2025-10-17T18:20:49-07:00,0,4
style.css,40,css,97a36787,QiZhang1102,2025-10-17,18:20:49,-07:00,2025-10-17T18:20:49-07:00,1,23
style.css,41,css,97a36787,QiZhang1102,2025-10-17,18:20:49,-07:00,2025-10-17T18:20:49-07:00,1,31
style.css,42,css,97a36787,QiZhang1102,2025-10-17,18:20:49,-07:00,2025-10-17T18:20:49-07:00,1,32
style.css,43,css,97a36787,QiZhang1102,2025-10-17,18:20:49,-07:00,2025-10-17T18:20:49-07:00,0,0
style.css,44,css,97a36787,QiZhang1102,2025-10-17,18:20:49,-07:00,2025-10-17T18:20:49-07:00,0,0
style.css,45,css,a1df6837,QiZhang1102,2025-10-10,21:26:53,-07:00,2025-10-10T21:26:53-07:00,0,8
style.css,46,css,a1df6837,QiZhang1102,2025-10-10,21:26:53,-07:00,2025-10-10T21:26:53-07:00,0,23
style.css,47,css,a1df6837,QiZhang1102,2025-10-10,21:26:53,-07:00,2025-10-10T21:26:53-07:00,1,12
style.css,48,css,fbb27e77,QiZhang1102,2025-10-10,20:47:55,-07:00,2025-10-10T20:47:55-07:00,0,0
style.css,49,css,fbb27e77,QiZhang1102,2025-10-10,20:47:55,-07:00,2025-10-10T20:47:55-07:00,0,0
style.css,50,css,a1df6837,QiZhang1102,2025-10-10,21:26:53,-07:00,2025-10-10T21:26:53-07:00,0,4
style.css,51,css,a1df6837,QiZhang1102,2025-10-10,21:26:53,-07:00,2025-10-10T21:26:53-07:00,1,12
style.css,52,css,a1df6837,QiZhang1102,2025-10-10,21:26:53,-07:00,2025-10-10T21:26:53-07:00,1,30
style.css,53,css,a1df6837,QiZhang1102,2025-10-10,21:26:53,-07:00,2025-10-10T21:26:53-07:00,1,7
style.css,54,css,fbb27e77,QiZhang1102,2025-10-10,20:47:55,-07:00,2025-10-10T20:47:55-07:00,0,0
style.css,55,css,fbb27e77,QiZhang1102,2025-10-10,20:47:55,-07:00,2025-10-10T20:47:55-07:00,0,0
style.css,56,css,a1df6837,QiZhang1102,2025-10-10,21:26:53,-07:00,2025-10-10T21:26:53-07:00,0,10
style.css,57,css,a1df6837,QiZhang1102,2025-10-10,21:26:53,-07:00,2025-10-10T21:26:53-07:00,1,12
style.css,58,css,a1df6837,QiZhang1102,2025-10-10,21:26:53,-07:00,2025-10-10T21:26:53-07:00,1,29
style.css,59,css,a1df6837,QiZhang1102,2025-10-10,21:26:53,-07:00,2025-10-10T21:26:53-07:00,0,0
style.css,60,css,a1df6837,QiZhang1102,2025-10-10,21:26:53,-07:00,2025-10-10T21:26:53-07:00,0,0
style.css,61,css,a1df6837,QiZhang1102,2025-10-10,21:26:53,-07:00,2025-10-10T21:26:53-07:00,0,11
style.css,62,css,a1df6837,QiZhang1102,2025-10-10,21:26:53,-07:00,2025-10-10T21:26:53-07:00,1,18
style.css,63,css,fbb27e77,QiZhang1102,2025-10-10,20:47:55,-07:00,2025-10-10T20:47:55-07:00,0,0
style.css,64,css,fbb27e77,QiZhang1102,2025-10-10,20:47:55,-07:00,2025-10-10T20:47:55-07:00,0,0
style.css,65,css,a1df6837,QiZhang1102,2025-10-10,21:26:53,-07:00,2025-10-10T21:26:53-07:00,0,8
style.css,66,css,a1df6837,QiZhang1102,2025-10-10,21:26:53,-07:00,2025-10-10T21:26:53-07:00,0,0
style.css,67,css,a1df6837,QiZhang1102,2025-10-10,21:26:53,-07:00,2025-10-10T21:26:53-07:00,0,9
style.css,68,css,a1df6837,QiZhang1102,2025-10-10,21:26:53,-07:00,2025-10-10T21:26:53-07:00,1,12
style.css,69,css,e5310c30,QiZhang1102,2025-10-10,22:19:49,-07:00,2025-10-10T22:19:49-07:00,1,58
style.css,70,css,a1df6837,QiZhang1102,2025-10-10,21:26:53,-07:00,2025-10-10T21:26:53-07:00,1,7
style.css,71,css,a1df6837,QiZhang1102,2025-10-10,21:26:53,-07:00,2025-10-10T21:26:53-07:00,1,16
style.css,72,css,a1df6837,QiZhang1102,2025-10-10,21:26:53,-07:00,2025-10-10T21:26:53-07:00,0,0
style.css,73,css,a1df6837,QiZhang1102,2025-10-10,21:26:53,-07:00,2025-10-10T21:26:53-07:00,0,17
style.css,74,css,a1df6837,QiZhang1102,2025-10-10,21:26:53,-07:00,2025-10-10T21:26:53-07:00,1,12
style.css,75,css,a1df6837,QiZhang1102,2025-10-10,21:26:53,-07:00,2025-10-10T21:26:53-07:00,1,26
style.css,76,css,a1df6837,QiZhang1102,2025-10-10,21:26:53,-07:00,2025-10-10T21:26:53-07:00,1,15
style.css,77,css,a1df6837,QiZhang1102,2025-10-10,21:26:53,-07:00,2025-10-10T21:26:53-07:00,1,8
style.css,78,css,e5310c30,QiZhang1102,2025-10-10,22:19:49,-07:00,2025-10-10T22:19:49-07:00,1,6
style.css,79,css,fbb27e77,QiZhang1102,2025-10-10,20:47:55,-07:00,2025-10-10T20:47:55-07:00,0,0
style.css,80,css,fbb27e77,QiZhang1102,2025-10-10,20:47:55,-07:00,2025-10-10T20:47:55-07:00,0,0
style.css,81,css,e5310c30,QiZhang1102,2025-10-10,22:19:49,-07:00,2025-10-10T22:19:49-07:00,0,0
style.css,82,css,a1df6837,QiZhang1102,2025-10-10,21:26:53,-07:00,2025-10-10T21:26:53-07:00,0,12
style.css,83,css,a1df6837,QiZhang1102,2025-10-10,21:26:53,-07:00,2025-10-10T21:26:53-07:00,1,8
style.css,84,css,d34aebdf,QiZhang1102,2025-10-10,21:30:27,-07:00,2025-10-10T21:30:27-07:00,0,0
style.css,85,css,d34aebdf,QiZhang1102,2025-10-10,21:30:27,-07:00,2025-10-10T21:30:27-07:00,0,0
style.css,86,css,e5310c30,QiZhang1102,2025-10-10,22:19:49,-07:00,2025-10-10T22:19:49-07:00,0,2
style.css,87,css,e5310c30,QiZhang1102,2025-10-10,22:19:49,-07:00,2025-10-10T22:19:49-07:00,1,14
style.css,88,css,e5310c30,QiZhang1102,2025-10-10,22:19:49,-07:00,2025-10-10T22:19:49-07:00,0,0
style.css,89,css,e5310c30,QiZhang1102,2025-10-10,22:19:49,-07:00,2025-10-10T22:19:49-07:00,0,0
style.css,90,css,d34aebdf,QiZhang1102,2025-10-10,21:30:27,-07:00,2025-10-10T21:30:27-07:00,0,6
style.css,91,css,d34aebdf,QiZhang1102,2025-10-10,21:30:27,-07:00,2025-10-10T21:30:27-07:00,1,15
style.css,92,css,d34aebdf,QiZhang1102,2025-10-10,21:30:27,-07:00,2025-10-10T21:30:27-07:00,1,17
style.css,93,css,d34aebdf,QiZhang1102,2025-10-10,21:30:27,-07:00,2025-10-10T21:30:27-07:00,0,0
style.css,94,css,d34aebdf,QiZhang1102,2025-10-10,21:30:27,-07:00,2025-10-10T21:30:27-07:00,0,0
style.css,95,css,3593abf2,QiZhang1102,2025-10-10,22:57:48,-07:00,2025-10-10T22:57:48-07:00,0,8
style.css,96,css,3593abf2,QiZhang1102,2025-10-10,22:57:48,-07:00,2025-10-10T22:57:48-07:00,0,7
style.css,97,css,3593abf2,QiZhang1102,2025-10-10,22:57:48,-07:00,2025-10-10T22:57:48-07:00,1,12
style.css,98,css,3593abf2,QiZhang1102,2025-10-10,22:57:48,-07:00,2025-10-10T22:57:48-07:00,1,7
style.css,99,css,3593abf2,QiZhang1102,2025-10-10,22:57:48,-07:00,2025-10-10T22:57:48-07:00,1,16
style.css,100,css,3593abf2,QiZhang1102,2025-10-10,22:57:48,-07:00,2025-10-10T22:57:48-07:00,0,0
style.css,101,css,3593abf2,QiZhang1102,2025-10-10,22:57:48,-07:00,2025-10-10T22:57:48-07:00,0,0
style.css,102,css,3593abf2,QiZhang1102,2025-10-10,22:57:48,-07:00,2025-10-10T22:57:48-07:00,0,14
style.css,103,css,3593abf2,QiZhang1102,2025-10-10,22:57:48,-07:00,2025-10-10T22:57:48-07:00,1,17
style.css,104,css,97a36787,QiZhang1102,2025-10-17,18:20:49,-07:00,2025-10-17T18:20:49-07:00,1,43
style.css,105,css,3593abf2,QiZhang1102,2025-10-10,22:57:48,-07:00,2025-10-10T22:57:48-07:00,1,20
style.css,106,css,3593abf2,QiZhang1102,2025-10-10,22:57:48,-07:00,2025-10-10T22:57:48-07:00,0,0
style.css,107,css,3593abf2,QiZhang1102,2025-10-10,22:57:48,-07:00,2025-10-10T22:57:48-07:00,0,0
style.css,108,css,3593abf2,QiZhang1102,2025-10-10,22:57:48,-07:00,2025-10-10T22:57:48-07:00,0,29
style.css,109,css,3593abf2,QiZhang1102,2025-10-10,22:57:48,-07:00,2025-10-10T22:57:48-07:00,0,31
style.css,110,css,3593abf2,QiZhang1102,2025-10-10,22:57:48,-07:00,2025-10-10T22:57:48-07:00,0,31
style.css,111,css,3593abf2,QiZhang1102,2025-10-10,22:57:48,-07:00,2025-10-10T22:57:48-07:00,0,0
style.css,112,css,3593abf2,QiZhang1102,2025-10-10,22:57:48,-07:00,2025-10-10T22:57:48-07:00,0,15
style.css,113,css,3593abf2,QiZhang1102,2025-10-10,22:57:48,-07:00,2025-10-10T22:57:48-07:00,1,17
style.css,114,css,3593abf2,QiZhang1102,2025-10-10,22:57:48,-07:00,2025-10-10T22:57:48-07:00,1,19
style.css,115,css,3593abf2,QiZhang1102,2025-10-10,22:57:48,-07:00,2025-10-10T22:57:48-07:00,1,15
style.css,116,css,3593abf2,QiZhang1102,2025-10-10,22:57:48,-07:00,2025-10-10T22:57:48-07:00,0,0
style.css,117,css,3593abf2,QiZhang1102,2025-10-10,22:57:48,-07:00,2025-10-10T22:57:48-07:00,0,0
style.css,118,css,3593abf2,QiZhang1102,2025-10-10,22:57:48,-07:00,2025-10-10T22:57:48-07:00,0,12
style.css,119,css,3593abf2,QiZhang1102,2025-10-10,22:57:48,-07:00,2025-10-10T22:57:48-07:00,1,16
style.css,120,css,3593abf2,QiZhang1102,2025-10-10,22:57:48,-07:00,2025-10-10T22:57:48-07:00,1,21
style.css,121,css,3593abf2,QiZhang1102,2025-10-10,22:57:48,-07:00,2025-10-10T22:57:48-07:00,0,0
style.css,122,css,3593abf2,QiZhang1102,2025-10-10,22:57:48,-07:00,2025-10-10T22:57:48-07:00,0,0
style.css,123,css,3593abf2,QiZhang1102,2025-10-10,22:57:48,-07:00,2025-10-10T22:57:48-07:00,0,10
style.css,124,css,3593abf2,QiZhang1102,2025-10-10,22:57:48,-07:00,2025-10-10T22:57:48-07:00,1,14
style.css,125,css,3593abf2,QiZhang1102,2025-10-10,22:57:48,-07:00,2025-10-10T22:57:48-07:00,1,15
style.css,126,css,3593abf2,QiZhang1102,2025-10-10,22:57:48,-07:00,2025-10-10T22:57:48-07:00,1,15
style.css,127,css,3593abf2,QiZhang1102,2025-10-10,22:57:48,-07:00,2025-10-10T22:57:48-07:00,0,0
style.css,128,css,e5310c30,QiZhang1102,2025-10-10,22:19:49,-07:00,2025-10-10T22:19:49-07:00,0,0
style.css,129,css,3593abf2,QiZhang1102,2025-10-10,22:57:48,-07:00,2025-10-10T22:57:48-07:00,0,10
style.css,130,css,c6adfd18,QiZhang1102,2025-10-10,23:07:36,-07:00,2025-10-10T23:07:36-07:00,1,19
style.css,131,css,c6adfd18,QiZhang1102,2025-10-10,23:07:36,-07:00,2025-10-10T23:07:36-07:00,1,15
style.css,132,css,c6adfd18,QiZhang1102,2025-10-10,23:07:36,-07:00,2025-10-10T23:07:36-07:00,1,17
style.css,133,css,f261c040,QiZhang1102,2025-10-17,12:24:37,-07:00,2025-10-17T12:24:37-07:00,0,0
style.css,134,css,f261c040,QiZhang1102,2025-10-17,12:24:37,-07:00,2025-10-17T12:24:37-07:00,0,0
style.css,135,css,97a36787,QiZhang1102,2025-10-17,18:20:49,-07:00,2025-10-17T18:20:49-07:00,0,13
style.css,136,css,97a36787,QiZhang1102,2025-10-17,18:20:49,-07:00,2025-10-17T18:20:49-07:00,1,17
style.css,137,css,97a36787,QiZhang1102,2025-10-17,18:20:49,-07:00,2025-10-17T18:20:49-07:00,1,8
style.css,138,css,97a36787,QiZhang1102,2025-10-17,18:20:49,-07:00,2025-10-17T18:20:49-07:00,1,10
style.css,139,css,97a36787,QiZhang1102,2025-10-17,18:20:49,-07:00,2025-10-17T18:20:49-07:00,1,13
style.css,140,css,97a36787,QiZhang1102,2025-10-17,18:20:49,-07:00,2025-10-17T18:20:49-07:00,1,19
style.css,141,css,97a36787,QiZhang1102,2025-10-17,18:20:49,-07:00,2025-10-17T18:20:49-07:00,1,16
style.css,142,css,97a36787,QiZhang1102,2025-10-17,18:20:49,-07:00,2025-10-17T18:20:49-07:00,1,15
style.css,143,css,97a36787,QiZhang1102,2025-10-17,18:20:49,-07:00,2025-10-17T18:20:49-07:00,1,11
style.css,144,css,ac988a5d,QiZhang1102,2025-10-17,15:18:55,-07:00,2025-10-17T15:18:55-07:00,0,0
style.css,145,css,ac988a5d,QiZhang1102,2025-10-17,15:18:55,-07:00,2025-10-17T15:18:55-07:00,0,0
style.css,146,css,97a36787,QiZhang1102,2025-10-17,18:20:49,-07:00,2025-10-17T18:20:49-07:00,0,20
style.css,147,css,97a36787,QiZhang1102,2025-10-17,18:20:49,-07:00,2025-10-17T18:20:49-07:00,1,19
style.css,148,css,97a36787,QiZhang1102,2025-10-17,18:20:49,-07:00,2025-10-17T18:20:49-07:00,1,13
style.css,149,css,97a36787,QiZhang1102,2025-10-17,18:20:49,-07:00,2025-10-17T18:20:49-07:00,1,23
style.css,150,css,ac988a5d,QiZhang1102,2025-10-17,15:18:55,-07:00,2025-10-17T15:18:55-07:00,0,0
style.css,151,css,07eff4a6,QiZhang1102,2025-10-25,13:38:48,-07:00,2025-10-25T13:38:48-07:00,0,17
style.css,152,css,07eff4a6,QiZhang1102,2025-10-25,13:38:48,-07:00,2025-10-25T13:38:48-07:00,1,12
style.css,153,css,07eff4a6,QiZhang1102,2025-10-25,13:38:48,-07:00,2025-10-25T13:38:48-07:00,1,36
style.css,154,css,07eff4a6,QiZhang1102,2025-10-25,13:38:48,-07:00,2025-10-25T13:38:48-07:00,1,10
style.css,155,css,07eff4a6,QiZhang1102,2025-10-25,13:38:48,-07:00,2025-10-25T13:38:48-07:00,1,17
style.css,156,css,07eff4a6,QiZhang1102,2025-10-25,13:38:48,-07:00,2025-10-25T13:38:48-07:00,0,0
style.css,157,css,07eff4a6,QiZhang1102,2025-10-25,13:38:48,-07:00,2025-10-25T13:38:48-07:00,0,0
style.css,158,css,07eff4a6,QiZhang1102,2025-10-25,13:38:48,-07:00,2025-10-25T13:38:48-07:00,0,17
style.css,159,css,07eff4a6,QiZhang1102,2025-10-25,13:38:48,-07:00,2025-10-25T13:38:48-07:00,1,16
style.css,160,css,07eff4a6,QiZhang1102,2025-10-25,13:38:48,-07:00,2025-10-25T13:38:48-07:00,1,10
style.css,161,css,07eff4a6,QiZhang1102,2025-10-25,13:38:48,-07:00,2025-10-25T13:38:48-07:00,0,0
style.css,162,css,ac988a5d,QiZhang1102,2025-10-17,15:18:55,-07:00,2025-10-17T15:18:55-07:00,0,0
style.css,163,css,07eff4a6,QiZhang1102,2025-10-25,13:38:48,-07:00,2025-10-25T13:38:48-07:00,0,17
style.css,164,css,07eff4a6,QiZhang1102,2025-10-25,13:38:48,-07:00,2025-10-25T13:38:48-07:00,1,10
style.css,165,css,07eff4a6,QiZhang1102,2025-10-25,13:38:48,-07:00,2025-10-25T13:38:48-07:00,1,8
style.css,166,css,07eff4a6,QiZhang1102,2025-10-25,13:38:48,-07:00,2025-10-25T13:38:48-07:00,0,0
style.css,167,css,ac988a5d,QiZhang1102,2025-10-17,15:18:55,-07:00,2025-10-17T15:18:55-07:00,0,0
style.css,168,css,00000000,Not Committed Yet,2025-11-07,15:52:23,-08:00,2025-11-07T15:52:23-08:00,0,5
style.css,169,css,00000000,Not Committed Yet,2025-11-07,15:52:23,-08:00,2025-11-07T15:52:23-08:00,1,30
style.css,170,css,00000000,Not Committed Yet,2025-11-07,15:52:23,-08:00,2025-11-07T15:52:23-08:00,1,34
style.css,171,css,00000000,Not Committed Yet,2025-11-07,15:52:23,-08:00,2025-11-07T15:52:23-08:00,1,10
style.css,172,css,00000000,Not Committed Yet,2025-11-07,15:52:23,-08:00,2025-11-07T15:52:23-08:00,1,17
style.css,173,css,00000000,Not Committed Yet,2025-11-07,15:52:23,-08:00,2025-11-07T15:52:23-08:00,1,16
style.css,174,css,00000000,Not Committed Yet,2025-11-07,15:52:23,-08:00,2025-11-07T15:52:23-08:00,0,0
style.css,175,css,00000000,Not Committed Yet,2025-11-07,15:52:23,-08:00,2025-11-07T15:52:23-08:00,0,0
style.css,176,css,00000000,Not Committed Yet,2025-11-07,15:52:23,-08:00,2025-11-07T15:52:23-08:00,0,18
style.css,177,css,00000000,Not Committed Yet,2025-11-07,15:52:23,-08:00,2025-11-07T15:52:23-08:00,1,14
style.css,178,css,00000000,Not Committed Yet,2025-11-07,15:52:23,-08:00,2025-11-07T15:52:23-08:00,1,16
style.css,179,css,00000000,Not Committed Yet,2025-11-07,15:52:23,-08:00,2025-11-07T15:52:23-08:00,0,0
style.css,180,css,00000000,Not Committed Yet,2025-11-07,15:52:23,-08:00,2025-11-07T15:52:23-08:00,1,16
style.css,181,css,00000000,Not Committed Yet,2025-11-07,15:52:23,-08:00,2025-11-07T15:52:23-08:00,0,0
index.js,1,js,07eff4a6,QiZhang1102,2025-10-25,13:38:48,-07:00,2025-10-25T13:38:48-07:00,0,71
index.js,2,js,07eff4a6,QiZhang1102,2025-10-25,13:38:48,-07:00,2025-10-25T13:38:48-07:00,0,54
index.js,3,js,07eff4a6,QiZhang1102,2025-10-25,13:38:48,-07:00,2025-10-25T13:38:48-07:00,0,22
index.js,4,js,07eff4a6,QiZhang1102,2025-10-25,13:38:48,-07:00,2025-10-25T13:38:48-07:00,0,60
index.js,5,js,07eff4a6,QiZhang1102,2025-10-25,13:38:48,-07:00,2025-10-25T13:38:48-07:00,0,0
index.js,6,js,07eff4a6,QiZhang1102,2025-10-25,13:38:48,-07:00,2025-10-25T13:38:48-07:00,0,17
index.js,7,js,07eff4a6,QiZhang1102,2025-10-25,13:38:48,-07:00,2025-10-25T13:38:48-07:00,1,24
index.js,8,js,07eff4a6,QiZhang1102,2025-10-25,13:38:48,-07:00,2025-10-25T13:38:48-07:00,2,2
index.js,9,js,07eff4a6,QiZhang1102,2025-10-25,13:38:48,-07:00,2025-10-25T13:38:48-07:00,3,55
index.js,10,js,07eff4a6,QiZhang1102,2025-10-25,13:38:48,-07:00,2025-10-25T13:38:48-07:00,3,55
index.js,11,js,07eff4a6,QiZhang1102,2025-10-25,13:38:48,-07:00,2025-10-25T13:38:48-07:00,3,49
index.js,12,js,07eff4a6,QiZhang1102,2025-10-25,13:38:48,-07:00,2025-10-25T13:38:48-07:00,3,49
index.js,13,js,07eff4a6,QiZhang1102,2025-10-25,13:38:48,-07:00,2025-10-25T13:38:48-07:00,2,3
index.js,14,js,07eff4a6,QiZhang1102,2025-10-25,13:38:48,-07:00,2025-10-25T13:38:48-07:00,1,0
index.js,15,js,07eff4a6,QiZhang1102,2025-10-25,13:38:48,-07:00,2025-10-25T13:38:48-07:00,0,0
index.js,16,js,07eff4a6,QiZhang1102,2025-10-25,13:38:48,-07:00,2025-10-25T13:38:48-07:00,0,0
index.js,17,js,4ca9bd83,QiZhang1102,2025-10-25,12:53:46,-07:00,2025-10-25T12:53:46-07:00,0,54
index.js,18,js,4ca9bd83,QiZhang1102,2025-10-25,12:53:46,-07:00,2025-10-25T12:53:46-07:00,0,42
index.js,19,js,4ca9bd83,QiZhang1102,2025-10-25,12:53:46,-07:00,2025-10-25T12:53:46-07:00,0,60
index.js,20,js,4ca9bd83,QiZhang1102,2025-10-25,12:53:46,-07:00,2025-10-25T12:53:46-07:00,0,54
index.html,1,html,6136de5d,QiZhang1102,2025-09-30,15:51:39,-07:00,2025-09-30T15:51:39-07:00,0,13
index.html,2,html,6136de5d,QiZhang1102,2025-09-30,15:51:39,-07:00,2025-09-30T15:51:39-07:00,0,14
index.html,3,html,6136de5d,QiZhang1102,2025-09-30,15:51:39,-07:00,2025-09-30T15:51:39-07:00,0,4
index.html,4,html,4ca9bd83,QiZhang1102,2025-10-25,12:53:46,-07:00,2025-10-25T12:53:46-07:00,1,22
index.html,5,html,4ca9bd83,QiZhang1102,2025-10-25,12:53:46,-07:00,2025-10-25T12:53:46-07:00,1,70
index.html,6,html,4ca9bd83,QiZhang1102,2025-10-25,12:53:46,-07:00,2025-10-25T12:53:46-07:00,1,50
index.html,7,html,4ca9bd83,QiZhang1102,2025-10-25,12:53:46,-07:00,2025-10-25T12:53:46-07:00,1,40
index.html,8,html,6136de5d,QiZhang1102,2025-09-30,15:51:39,-07:00,2025-09-30T15:51:39-07:00,0,5
index.html,9,html,6136de5d,QiZhang1102,2025-09-30,15:51:39,-07:00,2025-09-30T15:51:39-07:00,0,4
index.html,10,html,97a36787,QiZhang1102,2025-10-17,18:20:49,-07:00,2025-10-17T18:20:49-07:00,1,4
index.html,11,html,6136de5d,QiZhang1102,2025-09-30,15:51:39,-07:00,2025-09-30T15:51:39-07:00,2,15
index.html,12,html,8c987409,QiZhang1102,2025-10-25,14:00:49,-07:00,2025-10-25T14:00:49-07:00,2,47
index.html,13,html,8c987409,QiZhang1102,2025-10-25,14:00:49,-07:00,2025-10-25T14:00:49-07:00,2,69
index.html,14,html,8c987409,QiZhang1102,2025-10-25,14:00:49,-07:00,2025-10-25T14:00:49-07:00,2,22
index.html,15,html,8c987409,QiZhang1102,2025-10-25,14:00:49,-07:00,2025-10-25T14:00:49-07:00,2,26
index.html,16,html,8c987409,QiZhang1102,2025-10-25,14:00:49,-07:00,2025-10-25T14:00:49-07:00,0,0
index.html,17,html,8c987409,QiZhang1102,2025-10-25,14:00:49,-07:00,2025-10-25T14:00:49-07:00,0,0
index.html,18,html,8c987409,QiZhang1102,2025-10-25,14:00:49,-07:00,2025-10-25T14:00:49-07:00,0,0
index.html,19,html,1def1305,QiZhang1102,2025-10-25,13:54:38,-07:00,2025-10-25T13:54:38-07:00,2,21
index.html,20,html,1def1305,QiZhang1102,2025-10-25,13:54:38,-07:00,2025-10-25T13:54:38-07:00,2,48
index.html,21,html,1def1305,QiZhang1102,2025-10-25,13:54:38,-07:00,2025-10-25T13:54:38-07:00,0,0
index.html,22,html,4ca9bd83,QiZhang1102,2025-10-25,12:53:46,-07:00,2025-10-25T12:53:46-07:00,0,0
index.html,23,html,97a36787,QiZhang1102,2025-10-17,18:20:49,-07:00,2025-10-17T18:20:49-07:00,1,5
index.html,24,html,0250328f,QiZhang1102,2025-10-15,16:44:36,-07:00,2025-10-15T16:44:36-07:00,0,0
index.html,25,html,4ca9bd83,QiZhang1102,2025-10-25,12:53:46,-07:00,2025-10-25T12:53:46-07:00,1,52
index.html,26,html,6136de5d,QiZhang1102,2025-09-30,15:51:39,-07:00,2025-09-30T15:51:39-07:00,0,5
index.html,27,html,6136de5d,QiZhang1102,2025-09-30,15:51:39,-07:00,2025-09-30T15:51:39-07:00,0,5
global.js,1,js,0250328f,QiZhang1102,2025-10-15,16:44:36,-07:00,2025-10-15T16:44:36-07:00,0,25
global.js,2,js,0250328f,QiZhang1102,2025-10-15,16:44:36,-07:00,2025-10-15T16:44:36-07:00,0,0
global.js,3,js,0250328f,QiZhang1102,2025-10-15,16:44:36,-07:00,2025-10-15T16:44:36-07:00,0,41
global.js,4,js,0250328f,QiZhang1102,2025-10-15,16:44:36,-07:00,2025-10-15T16:44:36-07:00,1,52
global.js,5,js,0250328f,QiZhang1102,2025-10-15,16:44:36,-07:00,2025-10-15T16:44:36-07:00,0,0
global.js,6,js,f261c040,QiZhang1102,2025-10-17,12:24:37,-07:00,2025-10-17T12:24:37-07:00,0,0
global.js,7,js,ac988a5d,QiZhang1102,2025-10-17,15:18:55,-07:00,2025-10-17T15:18:55-07:00,0,0
global.js,8,js,ac988a5d,QiZhang1102,2025-10-17,15:18:55,-07:00,2025-10-17T15:18:55-07:00,0,11
global.js,9,js,ac988a5d,QiZhang1102,2025-10-17,15:18:55,-07:00,2025-10-17T15:18:55-07:00,1,25
global.js,10,js,97a36787,QiZhang1102,2025-10-17,18:20:49,-07:00,2025-10-17T18:20:49-07:00,1,38
global.js,11,js,ac988a5d,QiZhang1102,2025-10-17,15:18:55,-07:00,2025-10-17T15:18:55-07:00,1,36
global.js,12,js,ac988a5d,QiZhang1102,2025-10-17,15:18:55,-07:00,2025-10-17T15:18:55-07:00,1,34
global.js,13,js,00000000,Not Committed Yet,2025-11-07,15:52:24,-08:00,2025-11-07T15:52:24-08:00,1,30
global.js,14,js,ac988a5d,QiZhang1102,2025-10-17,15:18:55,-07:00,2025-10-17T15:18:55-07:00,1,56
global.js,15,js,f261c040,QiZhang1102,2025-10-17,12:24:37,-07:00,2025-10-17T12:24:37-07:00,0,0
global.js,16,js,f261c040,QiZhang1102,2025-10-17,12:24:37,-07:00,2025-10-17T12:24:37-07:00,0,0
global.js,17,js,ac988a5d,QiZhang1102,2025-10-17,15:18:55,-07:00,2025-10-17T15:18:55-07:00,0,88
global.js,18,js,ac988a5d,QiZhang1102,2025-10-17,15:18:55,-07:00,2025-10-17T15:18:55-07:00,1,3
global.js,19,js,ac988a5d,QiZhang1102,2025-10-17,15:18:55,-07:00,2025-10-17T15:18:55-07:00,1,14
global.js,20,js,ac988a5d,QiZhang1102,2025-10-17,15:18:55,-07:00,2025-10-17T15:18:55-07:00,0,0
global.js,21,js,f261c040,QiZhang1102,2025-10-17,12:24:37,-07:00,2025-10-17T12:24:37-07:00,0,0
global.js,22,js,ac988a5d,QiZhang1102,2025-10-17,15:18:55,-07:00,2025-10-17T15:18:55-07:00,0,38
global.js,23,js,f261c040,QiZhang1102,2025-10-17,12:24:37,-07:00,2025-10-17T12:24:37-07:00,0,25
global.js,24,js,f261c040,QiZhang1102,2025-10-17,12:24:37,-07:00,2025-10-17T12:24:37-07:00,0,0
global.js,25,js,ac988a5d,QiZhang1102,2025-10-17,15:18:55,-07:00,2025-10-17T15:18:55-07:00,0,20
global.js,26,js,f261c040,QiZhang1102,2025-10-17,12:24:37,-07:00,2025-10-17T12:24:37-07:00,1,14
global.js,27,js,ac988a5d,QiZhang1102,2025-10-17,15:18:55,-07:00,2025-10-17T15:18:55-07:00,1,18
global.js,28,js,ac988a5d,QiZhang1102,2025-10-17,15:18:55,-07:00,2025-10-17T15:18:55-07:00,1,0
global.js,29,js,f261c040,QiZhang1102,2025-10-17,12:24:37,-07:00,2025-10-17T12:24:37-07:00,0,0
global.js,30,js,ac988a5d,QiZhang1102,2025-10-17,15:18:55,-07:00,2025-10-17T15:18:55-07:00,1,28
global.js,31,js,ac988a5d,QiZhang1102,2025-10-17,15:18:55,-07:00,2025-10-17T15:18:55-07:00,2,20
global.js,32,js,ac988a5d,QiZhang1102,2025-10-17,15:18:55,-07:00,2025-10-17T15:18:55-07:00,1,0
global.js,33,js,f261c040,QiZhang1102,2025-10-17,12:24:37,-07:00,2025-10-17T12:24:37-07:00,0,0
global.js,34,js,ac988a5d,QiZhang1102,2025-10-17,15:18:55,-07:00,2025-10-17T15:18:55-07:00,1,34
global.js,35,js,ac988a5d,QiZhang1102,2025-10-17,15:18:55,-07:00,2025-10-17T15:18:55-07:00,1,11
global.js,36,js,ac988a5d,QiZhang1102,2025-10-17,15:18:55,-07:00,2025-10-17T15:18:55-07:00,1,20
global.js,37,js,ac988a5d,QiZhang1102,2025-10-17,15:18:55,-07:00,2025-10-17T15:18:55-07:00,1,12
global.js,38,js,f261c040,QiZhang1102,2025-10-17,12:24:37,-07:00,2025-10-17T12:24:37-07:00,0,0
global.js,39,js,ac988a5d,QiZhang1102,2025-10-17,15:18:55,-07:00,2025-10-17T15:18:55-07:00,0,17
global.js,40,js,ac988a5d,QiZhang1102,2025-10-17,15:18:55,-07:00,2025-10-17T15:18:55-07:00,1,8
global.js,41,js,ac988a5d,QiZhang1102,2025-10-17,15:18:55,-07:00,2025-10-17T15:18:55-07:00,1,58
global.js,42,js,ac988a5d,QiZhang1102,2025-10-17,15:18:55,-07:00,2025-10-17T15:18:55-07:00,0,0
global.js,43,js,f261c040,QiZhang1102,2025-10-17,12:24:37,-07:00,2025-10-17T12:24:37-07:00,0,0
global.js,44,js,ac988a5d,QiZhang1102,2025-10-17,15:18:55,-07:00,2025-10-17T15:18:55-07:00,0,52
global.js,45,js,97a36787,QiZhang1102,2025-10-17,18:20:49,-07:00,2025-10-17T18:20:49-07:00,0,0
global.js,46,js,97a36787,QiZhang1102,2025-10-17,18:20:49,-07:00,2025-10-17T18:20:49-07:00,0,0
global.js,47,js,97a36787,QiZhang1102,2025-10-17,18:20:49,-07:00,2025-10-17T18:20:49-07:00,0,31
global.js,48,js,97a36787,QiZhang1102,2025-10-17,18:20:49,-07:00,2025-10-17T18:20:49-07:00,1,11
global.js,49,js,97a36787,QiZhang1102,2025-10-17,18:20:49,-07:00,2025-10-17T18:20:49-07:00,1,0
global.js,50,js,97a36787,QiZhang1102,2025-10-17,18:20:49,-07:00,2025-10-17T18:20:49-07:00,0,26
global.js,51,js,97a36787,QiZhang1102,2025-10-17,18:20:49,-07:00,2025-10-17T18:20:49-07:00,0,4
global.js,52,js,97a36787,QiZhang1102,2025-10-17,18:20:49,-07:00,2025-10-17T18:20:49-07:00,0,6
global.js,53,js,97a36787,QiZhang1102,2025-10-17,18:20:49,-07:00,2025-10-17T18:20:49-07:00,8,43
global.js,54,js,97a36787,QiZhang1102,2025-10-17,18:20:49,-07:00,2025-10-17T18:20:49-07:00,8,34
global.js,55,js,97a36787,QiZhang1102,2025-10-17,18:20:49,-07:00,2025-10-17T18:20:49-07:00,8,32
global.js,56,js,97a36787,QiZhang1102,2025-10-17,18:20:49,-07:00,2025-10-17T18:20:49-07:00,0,7
global.js,57,js,97a36787,QiZhang1102,2025-10-17,18:20:49,-07:00,2025-10-17T18:20:49-07:00,0,8
global.js,58,js,97a36787,QiZhang1102,2025-10-17,18:20:49,-07:00,2025-10-17T18:20:49-07:00,0,0
global.js,59,js,97a36787,QiZhang1102,2025-10-17,18:20:49,-07:00,2025-10-17T18:20:49-07:00,0,0
global.js,60,js,76df0323,QiZhang1102,2025-10-17,18:23:07,-07:00,2025-10-17T18:23:07-07:00,0,0
global.js,61,js,76df0323,QiZhang1102,2025-10-17,18:23:07,-07:00,2025-10-17T18:23:07-07:00,0,0
global.js,62,js,97a36787,QiZhang1102,2025-10-17,18:20:49,-07:00,2025-10-17T18:20:49-07:00,0,60
global.js,63,js,76df0323,QiZhang1102,2025-10-17,18:23:07,-07:00,2025-10-17T18:23:07-07:00,0,0
global.js,64,js,97a36787,QiZhang1102,2025-10-17,18:20:49,-07:00,2025-10-17T18:20:49-07:00,0,31
global.js,65,js,97a36787,QiZhang1102,2025-10-17,18:20:49,-07:00,2025-10-17T18:20:49-07:00,1,65
global.js,66,js,97a36787,QiZhang1102,2025-10-17,18:20:49,-07:00,2025-10-17T18:20:49-07:00,1,20
global.js,67,js,97a36787,QiZhang1102,2025-10-17,18:20:49,-07:00,2025-10-17T18:20:49-07:00,1,32
global.js,68,js,97a36787,QiZhang1102,2025-10-17,18:20:49,-07:00,2025-10-17T18:20:49-07:00,0,0
global.js,69,js,97a36787,QiZhang1102,2025-10-17,18:20:49,-07:00,2025-10-17T18:20:49-07:00,0,0
global.js,70,js,97a36787,QiZhang1102,2025-10-17,18:20:49,-07:00,2025-10-17T18:20:49-07:00,0,34
global.js,71,js,97a36787,QiZhang1102,2025-10-17,18:20:49,-07:00,2025-10-17T18:20:49-07:00,1,39
global.js,72,js,97a36787,QiZhang1102,2025-10-17,18:20:49,-07:00,2025-10-17T18:20:49-07:00,0,6
global.js,73,js,97a36787,QiZhang1102,2025-10-17,18:20:49,-07:00,2025-10-17T18:20:49-07:00,1,27
global.js,74,js,97a36787,QiZhang1102,2025-10-17,18:20:49,-07:00,2025-10-17T18:20:49-07:00,0,0
global.js,75,js,97a36787,QiZhang1102,2025-10-17,18:20:49,-07:00,2025-10-17T18:20:49-07:00,0,0
global.js,76,js,97a36787,QiZhang1102,2025-10-17,18:20:49,-07:00,2025-10-17T18:20:49-07:00,0,49
global.js,77,js,97a36787,QiZhang1102,2025-10-17,18:20:49,-07:00,2025-10-17T18:20:49-07:00,1,57
global.js,78,js,97a36787,QiZhang1102,2025-10-17,18:20:49,-07:00,2025-10-17T18:20:49-07:00,1,33
global.js,79,js,fd4426d1,QiZhang1102,2025-10-17,22:05:32,-07:00,2025-10-17T22:05:32-07:00,0,0
global.js,80,js,fd4426d1,QiZhang1102,2025-10-17,22:05:32,-07:00,2025-10-17T22:05:32-07:00,0,0
global.js,81,js,fd4426d1,QiZhang1102,2025-10-17,22:05:32,-07:00,2025-10-17T22:05:32-07:00,0,0
global.js,82,js,fd4426d1,QiZhang1102,2025-10-17,22:05:32,-07:00,2025-10-17T22:05:32-07:00,0,0
global.js,83,js,97a36787,QiZhang1102,2025-10-17,18:20:49,-07:00,2025-10-17T18:20:49-07:00,0,1
global.js,84,js,4ca9bd83,QiZhang1102,2025-10-25,12:53:46,-07:00,2025-10-25T12:53:46-07:00,0,0
global.js,85,js,4ca9bd83,QiZhang1102,2025-10-25,12:53:46,-07:00,2025-10-25T12:53:46-07:00,0,0
global.js,86,js,4ca9bd83,QiZhang1102,2025-10-25,12:53:46,-07:00,2025-10-25T12:53:46-07:00,0,0
global.js,87,js,4ca9bd83,QiZhang1102,2025-10-25,12:53:46,-07:00,2025-10-25T12:53:46-07:00,0,36
global.js,88,js,4ca9bd83,QiZhang1102,2025-10-25,12:53:46,-07:00,2025-10-25T12:53:46-07:00,1,3
global.js,89,js,4ca9bd83,QiZhang1102,2025-10-25,12:53:46,-07:00,2025-10-25T12:53:46-07:00,2,32
global.js,90,js,4ca9bd83,QiZhang1102,2025-10-25,12:53:46,-07:00,2025-10-25T12:53:46-07:00,2,0
global.js,91,js,4ca9bd83,QiZhang1102,2025-10-25,12:53:46,-07:00,2025-10-25T12:53:46-07:00,2,20
global.js,92,js,4ca9bd83,QiZhang1102,2025-10-25,12:53:46,-07:00,2025-10-25T12:53:46-07:00,0,0
global.js,93,js,4ca9bd83,QiZhang1102,2025-10-25,12:53:46,-07:00,2025-10-25T12:53:46-07:00,2,17
global.js,94,js,4ca9bd83,QiZhang1102,2025-10-25,12:53:46,-07:00,2025-10-25T12:53:46-07:00,3,66
global.js,95,js,4ca9bd83,QiZhang1102,2025-10-25,12:53:46,-07:00,2025-10-25T12:53:46-07:00,2,0
global.js,96,js,4ca9bd83,QiZhang1102,2025-10-25,12:53:46,-07:00,2025-10-25T12:53:46-07:00,0,0
global.js,97,js,4ca9bd83,QiZhang1102,2025-10-25,12:53:46,-07:00,2025-10-25T12:53:46-07:00,2,33
global.js,98,js,4ca9bd83,QiZhang1102,2025-10-25,12:53:46,-07:00,2025-10-25T12:53:46-07:00,2,10
global.js,99,js,4ca9bd83,QiZhang1102,2025-10-25,12:53:46,-07:00,2025-10-25T12:53:46-07:00,1,15
global.js,100,js,4ca9bd83,QiZhang1102,2025-10-25,12:53:46,-07:00,2025-10-25T12:53:46-07:00,2,59
global.js,101,js,4ca9bd83,QiZhang1102,2025-10-25,12:53:46,-07:00,2025-10-25T12:53:46-07:00,1,0
global.js,102,js,4ca9bd83,QiZhang1102,2025-10-25,12:53:46,-07:00,2025-10-25T12:53:46-07:00,0,0
global.js,103,js,4ca9bd83,QiZhang1102,2025-10-25,12:53:46,-07:00,2025-10-25T12:53:46-07:00,0,0
global.js,104,js,4ca9bd83,QiZhang1102,2025-10-25,12:53:46,-07:00,2025-10-25T12:53:46-07:00,0,79
global.js,105,js,4ca9bd83,QiZhang1102,2025-10-25,12:53:46,-07:00,2025-10-25T12:53:46-07:00,1,30
global.js,106,js,4ca9bd83,QiZhang1102,2025-10-25,12:53:46,-07:00,2025-10-25T12:53:46-07:00,0,0
global.js,107,js,4ca9bd83,QiZhang1102,2025-10-25,12:53:46,-07:00,2025-10-25T12:53:46-07:00,1,31
global.js,108,js,4ca9bd83,QiZhang1102,2025-10-25,12:53:46,-07:00,2025-10-25T12:53:46-07:00,2,48
global.js,109,js,4ca9bd83,QiZhang1102,2025-10-25,12:53:46,-07:00,2025-10-25T12:53:46-07:00,2,19
global.js,110,js,4ca9bd83,QiZhang1102,2025-10-25,12:53:46,-07:00,2025-10-25T12:53:46-07:00,3,49
global.js,111,js,4ca9bd83,QiZhang1102,2025-10-25,12:53:46,-07:00,2025-10-25T12:53:46-07:00,3,49
global.js,112,js,4ca9bd83,QiZhang1102,2025-10-25,12:53:46,-07:00,2025-10-25T12:53:46-07:00,3,27
global.js,113,js,00000000,Not Committed Yet,2025-11-07,15:52:24,-08:00,2025-11-07T15:52:24-08:00,3,36
global.js,114,js,4ca9bd83,QiZhang1102,2025-10-25,12:53:46,-07:00,2025-10-25T12:53:46-07:00,2,0
global.js,115,js,4ca9bd83,QiZhang1102,2025-10-25,12:53:46,-07:00,2025-10-25T12:53:46-07:00,2,36
global.js,116,js,4ca9bd83,QiZhang1102,2025-10-25,12:53:46,-07:00,2025-10-25T12:53:46-07:00,1,0
global.js,117,js,4ca9bd83,QiZhang1102,2025-10-25,12:53:46,-07:00,2025-10-25T12:53:46-07:00,0,0
global.js,118,js,07eff4a6,QiZhang1102,2025-10-25,13:38:48,-07:00,2025-10-25T13:38:48-07:00,0,47
global.js,119,js,07eff4a6,QiZhang1102,2025-10-25,13:38:48,-07:00,2025-10-25T13:38:48-07:00,1,59
global.js,120,js,07eff4a6,QiZhang1102,2025-10-25,13:38:48,-07:00,2025-10-25T13:38:48-07:00,0,0
global.js,121,js,4ca9bd83,QiZhang1102,2025-10-25,12:53:46,-07:00,2025-10-25T12:53:46-07:00,0,0
resume/index.html,1,html,82216cd3,QiZhang1102,2025-10-02,13:43:17,-07:00,2025-10-02T13:43:17-07:00,0,13
resume/index.html,2,html,82216cd3,QiZhang1102,2025-10-02,13:43:17,-07:00,2025-10-02T13:43:17-07:00,0,14
resume/index.html,3,html,82216cd3,QiZhang1102,2025-10-02,13:43:17,-07:00,2025-10-02T13:43:17-07:00,0,4
resume/index.html,4,html,82216cd3,QiZhang1102,2025-10-02,13:43:17,-07:00,2025-10-02T13:43:17-07:00,1,20
resume/index.html,5,html,82216cd3,QiZhang1102,2025-10-02,13:43:17,-07:00,2025-10-02T13:43:17-07:00,1,68
resume/index.html,6,html,82216cd3,QiZhang1102,2025-10-02,13:43:17,-07:00,2025-10-02T13:43:17-07:00,1,19
resume/index.html,7,html,82216cd3,QiZhang1102,2025-10-02,13:43:17,-07:00,2025-10-02T13:43:17-07:00,1,41
resume/index.html,8,html,82216cd3,QiZhang1102,2025-10-02,13:43:17,-07:00,2025-10-02T13:43:17-07:00,0,5
resume/index.html,9,html,82216cd3,QiZhang1102,2025-10-02,13:43:17,-07:00,2025-10-02T13:43:17-07:00,0,4
resume/index.html,10,html,f261c040,QiZhang1102,2025-10-17,12:24:37,-07:00,2025-10-17T12:24:37-07:00,0,0
resume/index.html,11,html,d2000ba1,QiZhang1102,2025-10-02,13:55:45,-07:00,2025-10-02T13:55:45-07:00,0,0
resume/index.html,12,html,d2000ba1,QiZhang1102,2025-10-02,13:55:45,-07:00,2025-10-02T13:55:45-07:00,1,15
resume/index.html,13,html,d2000ba1,QiZhang1102,2025-10-02,13:55:45,-07:00,2025-10-02T13:55:45-07:00,1,109
resume/index.html,14,html,82216cd3,QiZhang1102,2025-10-02,13:43:17,-07:00,2025-10-02T13:43:17-07:00,0,0
resume/index.html,15,html,82216cd3,QiZhang1102,2025-10-02,13:43:17,-07:00,2025-10-02T13:43:17-07:00,0,0
resume/index.html,16,html,82216cd3,QiZhang1102,2025-10-02,13:43:17,-07:00,2025-10-02T13:43:17-07:00,1,7
resume/index.html,17,html,82216cd3,QiZhang1102,2025-10-02,13:43:17,-07:00,2025-10-02T13:43:17-07:00,2,6
resume/index.html,18,html,82216cd3,QiZhang1102,2025-10-02,13:43:17,-07:00,2025-10-02T13:43:17-07:00,3,16
resume/index.html,19,html,82216cd3,QiZhang1102,2025-10-02,13:43:17,-07:00,2025-10-02T13:43:17-07:00,2,7
resume/index.html,20,html,82216cd3,QiZhang1102,2025-10-02,13:43:17,-07:00,2025-10-02T13:43:17-07:00,2,7
resume/index.html,21,html,82216cd3,QiZhang1102,2025-10-02,13:43:17,-07:00,2025-10-02T13:43:17-07:00,3,30
resume/index.html,22,html,82216cd3,QiZhang1102,2025-10-02,13:43:17,-07:00,2025-10-02T13:43:17-07:00,3,25
resume/index.html,23,html,82216cd3,QiZhang1102,2025-10-02,13:43:17,-07:00,2025-10-02T13:43:17-07:00,3,98
resume/index.html,24,html,82216cd3,QiZhang1102,2025-10-02,13:43:17,-07:00,2025-10-02T13:43:17-07:00,2,8
resume/index.html,25,html,82216cd3,QiZhang1102,2025-10-02,13:43:17,-07:00,2025-10-02T13:43:17-07:00,1,7
resume/index.html,26,html,82216cd3,QiZhang1102,2025-10-02,13:43:17,-07:00,2025-10-02T13:43:17-07:00,0,0
resume/index.html,27,html,82216cd3,QiZhang1102,2025-10-02,13:43:17,-07:00,2025-10-02T13:43:17-07:00,1,7
resume/index.html,28,html,82216cd3,QiZhang1102,2025-10-02,13:43:17,-07:00,2025-10-02T13:43:17-07:00,2,6
resume/index.html,29,html,82216cd3,QiZhang1102,2025-10-02,13:43:17,-07:00,2025-10-02T13:43:17-07:00,3,17
resume/index.html,30,html,82216cd3,QiZhang1102,2025-10-02,13:43:17,-07:00,2025-10-02T13:43:17-07:00,2,7
resume/index.html,31,html,82216cd3,QiZhang1102,2025-10-02,13:43:17,-07:00,2025-10-02T13:43:17-07:00,2,7
resume/index.html,32,html,82216cd3,QiZhang1102,2025-10-02,13:43:17,-07:00,2025-10-02T13:43:17-07:00,3,31
resume/index.html,33,html,82216cd3,QiZhang1102,2025-10-02,13:43:17,-07:00,2025-10-02T13:43:17-07:00,3,88
resume/index.html,34,html,82216cd3,QiZhang1102,2025-10-02,13:43:17,-07:00,2025-10-02T13:43:17-07:00,3,2
resume/index.html,35,html,82216cd3,QiZhang1102,2025-10-02,13:43:17,-07:00,2025-10-02T13:43:17-07:00,4,55
resume/index.html,36,html,82216cd3,QiZhang1102,2025-10-02,13:43:17,-07:00,2025-10-02T13:43:17-07:00,4,61
resume/index.html,37,html,82216cd3,QiZhang1102,2025-10-02,13:43:17,-07:00,2025-10-02T13:43:17-07:00,3,3
resume/index.html,38,html,82216cd3,QiZhang1102,2025-10-02,13:43:17,-07:00,2025-10-02T13:43:17-07:00,2,8
resume/index.html,39,html,82216cd3,QiZhang1102,2025-10-02,13:43:17,-07:00,2025-10-02T13:43:17-07:00,1,8
resume/index.html,40,html,82216cd3,QiZhang1102,2025-10-02,13:43:17,-07:00,2025-10-02T13:43:17-07:00,1,7
resume/index.html,41,html,82216cd3,QiZhang1102,2025-10-02,13:43:17,-07:00,2025-10-02T13:43:17-07:00,2,6
resume/index.html,42,html,82216cd3,QiZhang1102,2025-10-02,13:43:17,-07:00,2025-10-02T13:43:17-07:00,3,13
resume/index.html,43,html,82216cd3,QiZhang1102,2025-10-02,13:43:17,-07:00,2025-10-02T13:43:17-07:00,2,7
resume/index.html,44,html,c6adfd18,QiZhang1102,2025-10-10,23:07:36,-07:00,2025-10-10T23:07:36-07:00,2,74
resume/index.html,45,html,c6adfd18,QiZhang1102,2025-10-10,23:07:36,-07:00,2025-10-10T23:07:36-07:00,2,50
resume/index.html,46,html,c6adfd18,QiZhang1102,2025-10-10,23:07:36,-07:00,2025-10-10T23:07:36-07:00,2,77
resume/index.html,47,html,82216cd3,QiZhang1102,2025-10-02,13:43:17,-07:00,2025-10-02T13:43:17-07:00,1,8
resume/index.html,48,html,0250328f,QiZhang1102,2025-10-15,16:44:36,-07:00,2025-10-15T16:44:36-07:00,0,48
resume/index.html,49,html,82216cd3,QiZhang1102,2025-10-02,13:43:17,-07:00,2025-10-02T13:43:17-07:00,0,5
resume/index.html,50,html,82216cd3,QiZhang1102,2025-10-02,13:43:17,-07:00,2025-10-02T13:43:17-07:00,0,5
resume/index.html,51,html,82216cd3,QiZhang1102,2025-10-02,13:43:17,-07:00,2025-10-02T13:43:17-07:00,0,0
resume/index.html,52,html,82216cd3,QiZhang1102,2025-10-02,13:43:17,-07:00,2025-10-02T13:43:17-07:00,0,0
projects/projects.js,1,js,00000000,Not Committed Yet,2025-11-07,15:52:24,-08:00,2025-11-07T15:52:24-08:00,0,63
projects/projects.js,2,js,00000000,Not Committed Yet,2025-11-07,15:52:24,-08:00,2025-11-07T15:52:24-08:00,0,25
projects/projects.js,3,js,00000000,Not Committed Yet,2025-11-07,15:52:24,-08:00,2025-11-07T15:52:24-08:00,1,13
projects/projects.js,4,js,00000000,Not Committed Yet,2025-11-07,15:52:24,-08:00,2025-11-07T15:52:24-08:00,1,15
projects/projects.js,5,js,00000000,Not Committed Yet,2025-11-07,15:52:24,-08:00,2025-11-07T15:52:24-08:00,0,28
projects/projects.js,6,js,4ca9bd83,QiZhang1102,2025-10-25,12:53:46,-07:00,2025-10-25T12:53:46-07:00,0,0
projects/projects.js,7,js,00000000,Not Committed Yet,2025-11-07,15:52:24,-08:00,2025-11-07T15:52:24-08:00,0,28
projects/projects.js,8,js,00000000,Not Committed Yet,2025-11-07,15:52:24,-08:00,2025-11-07T15:52:24-08:00,0,33
projects/projects.js,9,js,00000000,Not Committed Yet,2025-11-07,15:52:24,-08:00,2025-11-07T15:52:24-08:00,0,45
projects/projects.js,10,js,4ca9bd83,QiZhang1102,2025-10-25,12:53:46,-07:00,2025-10-25T12:53:46-07:00,0,0
projects/projects.js,11,js,00000000,Not Committed Yet,2025-11-07,15:52:24,-08:00,2025-11-07T15:52:24-08:00,0,47
projects/projects.js,12,js,00000000,Not Committed Yet,2025-11-07,15:52:24,-08:00,2025-11-07T15:52:24-08:00,0,0
projects/projects.js,13,js,00000000,Not Committed Yet,2025-11-07,15:52:24,-08:00,2025-11-07T15:52:24-08:00,0,26
projects/projects.js,14,js,00000000,Not Committed Yet,2025-11-07,15:52:24,-08:00,2025-11-07T15:52:24-08:00,1,14
projects/projects.js,15,js,00000000,Not Committed Yet,2025-11-07,15:52:24,-08:00,2025-11-07T15:52:24-08:00,2,13
projects/projects.js,16,js,00000000,Not Committed Yet,2025-11-07,15:52:24,-08:00,2025-11-07T15:52:24-08:00,2,13
projects/projects.js,17,js,00000000,Not Committed Yet,2025-11-07,15:52:24,-08:00,2025-11-07T15:52:24-08:00,2,25
projects/projects.js,18,js,00000000,Not Committed Yet,2025-11-07,15:52:24,-08:00,2025-11-07T15:52:24-08:00,0,1
projects/index.html,1,html,6fba153f,QiZhang1102,2025-10-01,13:12:31,-07:00,2025-10-01T13:12:31-07:00,0,13
projects/index.html,2,html,6fba153f,QiZhang1102,2025-10-01,13:12:31,-07:00,2025-10-01T13:12:31-07:00,0,14
projects/index.html,3,html,6fba153f,QiZhang1102,2025-10-01,13:12:31,-07:00,2025-10-01T13:12:31-07:00,0,4
projects/index.html,4,html,4ca9bd83,QiZhang1102,2025-10-25,12:53:46,-07:00,2025-10-25T12:53:46-07:00,1,20
projects/index.html,5,html,4ca9bd83,QiZhang1102,2025-10-25,12:53:46,-07:00,2025-10-25T12:53:46-07:00,1,68
projects/index.html,6,html,4ca9bd83,QiZhang1102,2025-10-25,12:53:46,-07:00,2025-10-25T12:53:46-07:00,1,21
projects/index.html,7,html,00000000,Not Committed Yet,2025-11-07,15:52:24,-08:00,2025-11-07T15:52:24-08:00,0,0
projects/index.html,8,html,4ca9bd83,QiZhang1102,2025-10-25,12:53:46,-07:00,2025-10-25T12:53:46-07:00,1,41
projects/index.html,9,html,6fba153f,QiZhang1102,2025-10-01,13:12:31,-07:00,2025-10-01T13:12:31-07:00,0,5
projects/index.html,10,html,6fba153f,QiZhang1102,2025-10-01,13:12:31,-07:00,2025-10-01T13:12:31-07:00,0,4
projects/index.html,11,html,4ca9bd83,QiZhang1102,2025-10-25,12:53:46,-07:00,2025-10-25T12:53:46-07:00,1,38
projects/index.html,12,html,00000000,Not Committed Yet,2025-11-07,15:52:24,-08:00,2025-11-07T15:52:24-08:00,1,48
projects/index.html,13,html,00000000,Not Committed Yet,2025-11-07,15:52:24,-08:00,2025-11-07T15:52:24-08:00,0,0
projects/index.html,14,html,00000000,Not Committed Yet,2025-11-07,15:52:24,-08:00,2025-11-07T15:52:24-08:00,1,4
projects/index.html,15,html,a1df6837,QiZhang1102,2025-10-10,21:26:53,-07:00,2025-10-10T21:26:53-07:00,1,20
projects/index.html,16,html,a1df6837,QiZhang1102,2025-10-10,21:26:53,-07:00,2025-10-10T21:26:53-07:00,1,4
projects/index.html,17,html,4ca9bd83,QiZhang1102,2025-10-25,12:53:46,-07:00,2025-10-25T12:53:46-07:00,1,48
projects/index.html,18,html,4ca9bd83,QiZhang1102,2025-10-25,12:53:46,-07:00,2025-10-25T12:53:46-07:00,1,49
projects/index.html,19,html,6fba153f,QiZhang1102,2025-10-01,13:12:31,-07:00,2025-10-01T13:12:31-07:00,0,5
projects/index.html,20,html,6fba153f,QiZhang1102,2025-10-01,13:12:31,-07:00,2025-10-01T13:12:31-07:00,0,5
contact/index.html,1,html,00000000,Not Committed Yet,2025-11-07,15:52:24,-08:00,2025-11-07T15:52:24-08:00,0,13
contact/index.html,2,html,6fba153f,QiZhang1102,2025-10-01,13:12:31,-07:00,2025-10-01T13:12:31-07:00,0,14
contact/index.html,3,html,6fba153f,QiZhang1102,2025-10-01,13:12:31,-07:00,2025-10-01T13:12:31-07:00,0,4
contact/index.html,4,html,6fba153f,QiZhang1102,2025-10-01,13:12:31,-07:00,2025-10-01T13:12:31-07:00,2,20
contact/index.html,5,html,6fba153f,QiZhang1102,2025-10-01,13:12:31,-07:00,2025-10-01T13:12:31-07:00,2,68
contact/index.html,6,html,c00b9a45,QiZhang1102,2025-10-01,13:27:56,-07:00,2025-10-01T13:27:56-07:00,2,20
contact/index.html,7,html,5bf0b246,QiZhang1102,2025-10-01,13:18:47,-07:00,2025-10-01T13:18:47-07:00,2,41
contact/index.html,8,html,6fba153f,QiZhang1102,2025-10-01,13:12:31,-07:00,2025-10-01T13:12:31-07:00,0,5
contact/index.html,9,html,6fba153f,QiZhang1102,2025-10-01,13:12:31,-07:00,2025-10-01T13:12:31-07:00,0,4
contact/index.html,10,html,f261c040,QiZhang1102,2025-10-17,12:24:37,-07:00,2025-10-17T12:24:37-07:00,0,0
contact/index.html,11,html,e9fb3d86,QiZhang1102,2025-10-01,14:27:03,-07:00,2025-10-01T14:27:03-07:00,1,19
contact/index.html,12,html,82216cd3,QiZhang1102,2025-10-02,13:43:17,-07:00,2025-10-02T13:43:17-07:00,1,39
contact/index.html,13,html,82216cd3,QiZhang1102,2025-10-02,13:43:17,-07:00,2025-10-02T13:43:17-07:00,1,79
contact/index.html,14,html,a1df6837,QiZhang1102,2025-10-10,21:26:53,-07:00,2025-10-10T21:26:53-07:00,2,31
contact/index.html,15,html,a1df6837,QiZhang1102,2025-10-10,21:26:53,-07:00,2025-10-10T21:26:53-07:00,2,51
contact/index.html,16,html,a1df6837,QiZhang1102,2025-10-10,21:26:53,-07:00,2025-10-10T21:26:53-07:00,2,35
contact/index.html,17,html,a1df6837,QiZhang1102,2025-10-10,21:26:53,-07:00,2025-10-10T21:26:53-07:00,2,54
contact/index.html,18,html,a1df6837,QiZhang1102,2025-10-10,21:26:53,-07:00,2025-10-10T21:26:53-07:00,2,35
contact/index.html,19,html,a1df6837,QiZhang1102,2025-10-10,21:26:53,-07:00,2025-10-10T21:26:53-07:00,2,65
contact/index.html,20,html,a1df6837,QiZhang1102,2025-10-10,21:26:53,-07:00,2025-10-10T21:26:53-07:00,2,35
contact/index.html,21,html,e9fb3d86,QiZhang1102,2025-10-01,14:27:03,-07:00,2025-10-01T14:27:03-07:00,1,5
contact/index.html,22,html,6fba153f,QiZhang1102,2025-10-01,13:12:31,-07:00,2025-10-01T13:12:31-07:00,0,0
contact/index.html,23,html,0250328f,QiZhang1102,2025-10-15,16:44:36,-07:00,2025-10-15T16:44:36-07:00,0,48
contact/index.html,24,html,6fba153f,QiZhang1102,2025-10-01,13:12:31,-07:00,2025-10-01T13:12:31-07:00,0,5
contact/index.html,25,html,6fba153f,QiZhang1102,2025-10-01,13:12:31,-07:00,2025-10-01T13:12:31-07:00,0,5
